"DESCRIPTION","DURATION IN MS","NAME","PARENT SUITE","START TIME","STATUS","STOP TIME","SUB SUITE","SUITE","TEST CLASS","TEST METHOD"
"Регистрация без поля name. Ожидается 403 и сообщение об ошибке.","528","Ошибка при регистрации без имени","","Tue Aug 05 16:28:06 MAGT 2025","passed","Tue Aug 05 16:28:06 MAGT 2025","","user.CreateUserApiTest","user.CreateUserApiTest","createUserWithMissingField"
"Ожидается ошибка 401 Unauthorized и сообщение о некорректных данных","2072","Ошибка при логине с неверным логином и паролем","","Tue Aug 05 16:28:09 MAGT 2025","passed","Tue Aug 05 16:28:11 MAGT 2025","","user.LoginUserApiTest","user.LoginUserApiTest","loginWithInvalidCredentials"
"Регистрация с уникальным email. Ожидается 200 и accessToken в ответе.","1546","Успешная регистрация нового пользователя","","Tue Aug 05 16:28:03 MAGT 2025","passed","Tue Aug 05 16:28:05 MAGT 2025","","user.CreateUserApiTest","user.CreateUserApiTest","createUniqueUser"
"Ожидается 400 и сообщение Ingredient ids must be provided","1107","Создание заказа без ингредиентов","","Tue Aug 05 16:28:02 MAGT 2025","passed","Tue Aug 05 16:28:03 MAGT 2025","","order.CreateOrderApiTest","order.CreateOrderApiTest","createOrderWithoutIngredients"
"Проверка успешной авторизации с корректными логином и паролем","2176","Успешный логин с существующим пользователем","","Tue Aug 05 16:28:06 MAGT 2025","passed","Tue Aug 05 16:28:09 MAGT 2025","","user.LoginUserApiTest","user.LoginUserApiTest","loginWithValidUser"
"Проверка возможности создания заказа без авторизации","1667","Создание заказа без авторизации","","Tue Aug 05 16:28:00 MAGT 2025","passed","Tue Aug 05 16:28:02 MAGT 2025","","order.CreateOrderApiTest","order.CreateOrderApiTest","createOrderWithoutAuth"
"Регистрация с повторным email. Ожидается 403 и сообщение.","1156","Регистрация уже существующего пользователя","","Tue Aug 05 16:28:05 MAGT 2025","passed","Tue Aug 05 16:28:06 MAGT 2025","","user.CreateUserApiTest","user.CreateUserApiTest","createAlreadyRegisteredUser"
"Ожидается успешное создание заказа и возвращение номера заказа","6480","Создание заказа с авторизацией и валидными ингредиентами","","Tue Aug 05 16:27:53 MAGT 2025","passed","Tue Aug 05 16:27:59 MAGT 2025","","order.CreateOrderApiTest","order.CreateOrderApiTest","createOrderWithAuth"
"Передаётся неверный id ингредиента. Ожидается 400 Bad Request","1194","Создание заказа с невалидным ингредиентом","","Tue Aug 05 16:27:59 MAGT 2025","passed","Tue Aug 05 16:28:00 MAGT 2025","","order.CreateOrderApiTest","order.CreateOrderApiTest","createOrderWithInvalidHash"
